Threads,Time
1,0.237303
2,1.205142
4,1.298293
