Threads,Time,Speedup
1,0.237303,1
2,1.205142,0.197
4,1.298293,0.183
