Processes,Time
1,0.025719
2,0.022683
4,0.013350
