Processes,Time,Speedup
1,0.025719,1
2,0.022683,1.134
4,0.013350,1.926
